2008-04-19 00:00:00,Washington Wizards,86,Cleveland Cavaliers,93
2008-04-19 00:00:00,Phoenix Suns,115,San Antonio Spurs,117
2008-04-19 00:00:00,Dallas Mavericks,92,New Orleans Hornets,104
2008-04-19 00:00:00,Utah Jazz,93,Houston Rockets,82
2008-04-20 00:00:00,Toronto Raptors,100,Orlando Magic,114
2008-04-20 00:00:00,Denver Nuggets,114,Los Angeles Lakers,128
2008-04-20 00:00:00,Philadelphia 76ers,90,Detroit Pistons,86
2008-04-20 00:00:00,Atlanta Hawks,81,Boston Celtics,104
2008-04-21 00:00:00,Washington Wizards,86,Cleveland Cavaliers,116
2008-04-21 00:00:00,Utah Jazz,90,Houston Rockets,84
2008-04-22 00:00:00,Dallas Mavericks,103,New Orleans Hornets,127
2008-04-22 00:00:00,Toronto Raptors,103,Orlando Magic,104
2008-04-22 00:00:00,Phoenix Suns,96,San Antonio Spurs,102
2008-04-23 00:00:00,Philadelphia 76ers,88,Detroit Pistons,105
2008-04-23 00:00:00,Atlanta Hawks,77,Boston Celtics,96
2008-04-23 00:00:00,Denver Nuggets,107,Los Angeles Lakers,122
2008-04-24 00:00:00,Orlando Magic,94,Toronto Raptors,108
2008-04-24 00:00:00,Cleveland Cavaliers,72,Washington Wizards,108
2008-04-24 00:00:00,Houston Rockets,94,Utah Jazz,92
2008-04-25 00:00:00,Detroit Pistons,75,Philadelphia 76ers,95
2008-04-25 00:00:00,New Orleans Hornets,87,Dallas Mavericks,97
2008-04-25 00:00:00,San Antonio Spurs,115,Phoenix Suns,99
2008-04-26 00:00:00,Orlando Magic,106,Toronto Raptors,94
2008-04-26 00:00:00,Los Angeles Lakers,102,Denver Nuggets,84
2008-04-26 00:00:00,Boston Celtics,93,Atlanta Hawks,102
2008-04-26 00:00:00,Houston Rockets,82,Utah Jazz,86
2008-04-27 00:00:00,Cleveland Cavaliers,100,Washington Wizards,97
2008-04-27 00:00:00,San Antonio Spurs,86,Phoenix Suns,105
2008-04-27 00:00:00,Detroit Pistons,93,Philadelphia 76ers,84
2008-04-27 00:00:00,New Orleans Hornets,97,Dallas Mavericks,84
2008-04-28 00:00:00,Toronto Raptors,92,Orlando Magic,102
2008-04-28 00:00:00,Boston Celtics,92,Atlanta Hawks,97
2008-04-28 00:00:00,Los Angeles Lakers,107,Denver Nuggets,101
2008-04-29 00:00:00,Philadelphia 76ers,81,Detroit Pistons,98
2008-04-29 00:00:00,Dallas Mavericks,94,New Orleans Hornets,99
2008-04-29 00:00:00,Utah Jazz,69,Houston Rockets,95
2008-04-29 00:00:00,Phoenix Suns,87,San Antonio Spurs,92
2008-04-30 00:00:00,Washington Wizards,88,Cleveland Cavaliers,87
2008-04-30 00:00:00,Atlanta Hawks,85,Boston Celtics,110
2008-05-01 00:00:00,Detroit Pistons,100,Philadelphia 76ers,77
2008-05-02 00:00:00,Cleveland Cavaliers,105,Washington Wizards,88
2008-05-02 00:00:00,Boston Celtics,100,Atlanta Hawks,103
2008-05-02 00:00:00,Houston Rockets,91,Utah Jazz,113
2008-05-03 00:00:00,Orlando Magic,72,Detroit Pistons,91
2008-05-03 00:00:00,San Antonio Spurs,82,New Orleans Hornets,101
2008-05-04 00:00:00,Atlanta Hawks,65,Boston Celtics,99
2008-05-04 00:00:00,Utah Jazz,98,Los Angeles Lakers,109
2008-05-05 00:00:00,Orlando Magic,93,Detroit Pistons,100
2008-05-05 00:00:00,San Antonio Spurs,84,New Orleans Hornets,102
2008-05-06 00:00:00,Cleveland Cavaliers,72,Boston Celtics,76
2008-05-07 00:00:00,Detroit Pistons,86,Orlando Magic,111
2008-05-07 00:00:00,Utah Jazz,110,Los Angeles Lakers,120
2008-05-08 00:00:00,Cleveland Cavaliers,73,Boston Celtics,89
2008-05-08 00:00:00,New Orleans Hornets,99,San Antonio Spurs,110
2008-05-09 00:00:00,Los Angeles Lakers,99,Utah Jazz,104
2008-05-10 00:00:00,Detroit Pistons,90,Orlando Magic,89
2008-05-10 00:00:00,Boston Celtics,84,Cleveland Cavaliers,108
2008-05-11 00:00:00,Los Angeles Lakers,115,Utah Jazz,123
2008-05-11 00:00:00,New Orleans Hornets,80,San Antonio Spurs,100
2008-05-12 00:00:00,Boston Celtics,77,Cleveland Cavaliers,88
2008-05-13 00:00:00,Orlando Magic,86,Detroit Pistons,91
2008-05-13 00:00:00,San Antonio Spurs,79,New Orleans Hornets,101
2008-05-14 00:00:00,Cleveland Cavaliers,89,Boston Celtics,96
2008-05-14 00:00:00,Utah Jazz,104,Los Angeles Lakers,111
2008-05-15 00:00:00,New Orleans Hornets,80,San Antonio Spurs,99
2008-05-16 00:00:00,Boston Celtics,69,Cleveland Cavaliers,74
2008-05-16 00:00:00,Los Angeles Lakers,108,Utah Jazz,105
2008-05-18 00:00:00,Cleveland Cavaliers,92,Boston Celtics,97
2008-05-19 00:00:00,San Antonio Spurs,91,New Orleans Hornets,82
2008-05-20 00:00:00,Detroit Pistons,79,Boston Celtics,88
2008-05-21 00:00:00,San Antonio Spurs,85,Los Angeles Lakers,89
2008-05-22 00:00:00,Detroit Pistons,103,Boston Celtics,97
2008-05-23 00:00:00,San Antonio Spurs,71,Los Angeles Lakers,101
2008-05-24 00:00:00,Boston Celtics,94,Detroit Pistons,80
2008-05-25 00:00:00,Los Angeles Lakers,84,San Antonio Spurs,103
2008-05-26 00:00:00,Boston Celtics,75,Detroit Pistons,94
2008-05-27 00:00:00,Los Angeles Lakers,93,San Antonio Spurs,91
2008-05-28 00:00:00,Detroit Pistons,102,Boston Celtics,106
2008-05-29 00:00:00,San Antonio Spurs,92,Los Angeles Lakers,100
2008-05-30 00:00:00,Boston Celtics,89,Detroit Pistons,81
2008-06-05 00:00:00,Los Angeles Lakers,88,Boston Celtics,98
2008-06-08 00:00:00,Los Angeles Lakers,102,Boston Celtics,108
2008-06-10 00:00:00,Boston Celtics,81,Los Angeles Lakers,87
2008-06-12 00:00:00,Boston Celtics,97,Los Angeles Lakers,91
2008-06-15 00:00:00,Boston Celtics,98,Los Angeles Lakers,103
2008-06-17 00:00:00,Los Angeles Lakers,92,Boston Celtics,131
2009-04-18 00:00:00,Chicago Bulls,105,Boston Celtics,103
2009-04-18 00:00:00,Detroit Pistons,84,Cleveland Cavaliers,102
2009-04-18 00:00:00,Dallas Mavericks,105,San Antonio Spurs,97
2009-04-18 00:00:00,Houston Rockets,108,Portland Trail Blazers,81
2009-04-19 00:00:00,Utah Jazz,100,Los Angeles Lakers,113
2009-04-19 00:00:00,Philadelphia 76ers,100,Orlando Magic,98
2009-04-19 00:00:00,Miami Heat,64,Atlanta Hawks,90
2009-04-19 00:00:00,New Orleans Hornets,84,Denver Nuggets,113
2009-04-20 00:00:00,Chicago Bulls,115,Boston Celtics,118
2009-04-20 00:00:00,Dallas Mavericks,84,San Antonio Spurs,105
2009-04-21 00:00:00,Detroit Pistons,82,Cleveland Cavaliers,94
2009-04-21 00:00:00,Houston Rockets,103,Portland Trail Blazers,107
2009-04-21 00:00:00,Utah Jazz,109,Los Angeles Lakers,119
2009-04-22 00:00:00,Philadelphia 76ers,87,Orlando Magic,96
2009-04-22 00:00:00,Miami Heat,108,Atlanta Hawks,93
2009-04-22 00:00:00,New Orleans Hornets,93,Denver Nuggets,108
2009-04-23 00:00:00,Boston Celtics,107,Chicago Bulls,86
2009-04-23 00:00:00,San Antonio Spurs,67,Dallas Mavericks,88
2009-04-23 00:00:00,Los Angeles Lakers,86,Utah Jazz,88
2009-04-24 00:00:00,Cleveland Cavaliers,79,Detroit Pistons,68
2009-04-24 00:00:00,Orlando Magic,94,Philadelphia 76ers,96
2009-04-24 00:00:00,Portland Trail Blazers,83,Houston Rockets,86
2009-04-25 00:00:00,Denver Nuggets,93,New Orleans Hornets,95
2009-04-25 00:00:00,San Antonio Spurs,90,Dallas Mavericks,99
2009-04-25 00:00:00,Atlanta Hawks,78,Miami Heat,107
2009-04-25 00:00:00,Los Angeles Lakers,108,Utah Jazz,94
2009-04-26 00:00:00,Boston Celtics,118,Chicago Bulls,121
2009-04-26 00:00:00,Cleveland Cavaliers,99,Detroit Pistons,78
2009-04-26 00:00:00,Orlando Magic,84,Philadelphia 76ers,81
2009-04-26 00:00:00,Portland Trail Blazers,88,Houston Rockets,89
2009-04-27 00:00:00,Atlanta Hawks,81,Miami Heat,71
2009-04-27 00:00:00,Denver Nuggets,121,New Orleans Hornets,63
2009-04-27 00:00:00,Utah Jazz,96,Los Angeles Lakers,107
2009-04-28 00:00:00,Chicago Bulls,104,Boston Celtics,106
2009-04-28 00:00:00,Philadelphia 76ers,78,Orlando Magic,91
2009-04-28 00:00:00,Dallas Mavericks,106,San Antonio Spurs,93
2009-04-28 00:00:00,Houston Rockets,77,Portland Trail Blazers,88
2009-04-29 00:00:00,Miami Heat,91,Atlanta Hawks,106
2009-04-29 00:00:00,New Orleans Hornets,86,Denver Nuggets,107
2009-04-30 00:00:00,Boston Celtics,127,Chicago Bulls,128
2009-04-30 00:00:00,Orlando Magic,114,Philadelphia 76ers,89
2009-04-30 00:00:00,Portland Trail Blazers,76,Houston Rockets,92
2009-05-01 00:00:00,Atlanta Hawks,72,Miami Heat,98
2009-05-02 00:00:00,Chicago Bulls,99,Boston Celtics,109
2009-05-03 00:00:00,Miami Heat,78,Atlanta Hawks,91
2009-05-03 00:00:00,Dallas Mavericks,95,Denver Nuggets,109
2009-05-04 00:00:00,Orlando Magic,95,Boston Celtics,90
2009-05-04 00:00:00,Houston Rockets,100,Los Angeles Lakers,92
2009-05-05 00:00:00,Atlanta Hawks,72,Cleveland Cavaliers,99
2009-05-05 00:00:00,Dallas Mavericks,105,Denver Nuggets,117
2009-05-06 00:00:00,Orlando Magic,94,Boston Celtics,112
2009-05-06 00:00:00,Houston Rockets,98,Los Angeles Lakers,111
2009-05-07 00:00:00,Atlanta Hawks,85,Cleveland Cavaliers,105
2009-05-08 00:00:00,Boston Celtics,96,Orlando Magic,117
2009-05-08 00:00:00,Los Angeles Lakers,108,Houston Rockets,94
2009-05-09 00:00:00,Denver Nuggets,106,Dallas Mavericks,105
2009-05-09 00:00:00,Cleveland Cavaliers,97,Atlanta Hawks,82
2009-05-10 00:00:00,Los Angeles Lakers,87,Houston Rockets,99
2009-05-10 00:00:00,Boston Celtics,95,Orlando Magic,94
2009-05-11 00:00:00,Cleveland Cavaliers,84,Atlanta Hawks,74
2009-05-11 00:00:00,Denver Nuggets,117,Dallas Mavericks,119
2009-05-12 00:00:00,Orlando Magic,88,Boston Celtics,92
2009-05-12 00:00:00,Houston Rockets,78,Los Angeles Lakers,118
2009-05-13 00:00:00,Dallas Mavericks,110,Denver Nuggets,124
2009-05-14 00:00:00,Boston Celtics,75,Orlando Magic,83
2009-05-14 00:00:00,Los Angeles Lakers,80,Houston Rockets,95
2009-05-17 00:00:00,Houston Rockets,70,Los Angeles Lakers,89
2009-05-17 00:00:00,Orlando Magic,101,Boston Celtics,82
2009-05-19 00:00:00,Denver Nuggets,103,Los Angeles Lakers,105
2009-05-20 00:00:00,Orlando Magic,107,Cleveland Cavaliers,106
2009-05-21 00:00:00,Denver Nuggets,106,Los Angeles Lakers,103
2009-05-22 00:00:00,Orlando Magic,95,Cleveland Cavaliers,96
2009-05-23 00:00:00,Los Angeles Lakers,103,Denver Nuggets,97
2009-05-24 00:00:00,Cleveland Cavaliers,89,Orlando Magic,99
2009-05-25 00:00:00,Los Angeles Lakers,101,Denver Nuggets,120
2009-05-26 00:00:00,Cleveland Cavaliers,114,Orlando Magic,116
2009-05-27 00:00:00,Denver Nuggets,94,Los Angeles Lakers,103
2009-05-28 00:00:00,Orlando Magic,102,Cleveland Cavaliers,112
2009-05-29 00:00:00,Los Angeles Lakers,119,Denver Nuggets,92
2009-05-30 00:00:00,Cleveland Cavaliers,90,Orlando Magic,103
2009-06-04 00:00:00,Orlando Magic,75,Los Angeles Lakers,100
2009-06-07 00:00:00,Orlando Magic,96,Los Angeles Lakers,101
2009-06-09 00:00:00,Los Angeles Lakers,104,Orlando Magic,108
2009-06-11 00:00:00,Los Angeles Lakers,99,Orlando Magic,91
2009-06-14 00:00:00,Los Angeles Lakers,99,Orlando Magic,86
2010-04-17 00:00:00,Chicago Bulls,83,Cleveland Cavaliers,96
2010-04-17 00:00:00,Milwaukee Bucks,92,Atlanta Hawks,102
2010-04-17 00:00:00,Miami Heat,76,Boston Celtics,85
2010-04-17 00:00:00,Utah Jazz,113,Denver Nuggets,126
2010-04-18 00:00:00,Oklahoma City Thunder,79,Los Angeles Lakers,87
2010-04-18 00:00:00,Charlotte Bobcats,89,Orlando Magic,98
2010-04-18 00:00:00,San Antonio Spurs,94,Dallas Mavericks,100
2010-04-18 00:00:00,Portland Trail Blazers,105,Phoenix Suns,100
2010-04-19 00:00:00,Chicago Bulls,102,Cleveland Cavaliers,112
2010-04-19 00:00:00,Utah Jazz,114,Denver Nuggets,111
2010-04-20 00:00:00,Milwaukee Bucks,86,Atlanta Hawks,96
2010-04-20 00:00:00,Miami Heat,77,Boston Celtics,106
2010-04-20 00:00:00,Portland Trail Blazers,90,Phoenix Suns,119
2010-04-20 00:00:00,Oklahoma City Thunder,92,Los Angeles Lakers,95
2010-04-21 00:00:00,Charlotte Bobcats,77,Orlando Magic,92
2010-04-21 00:00:00,San Antonio Spurs,102,Dallas Mavericks,88
2010-04-22 00:00:00,Cleveland Cavaliers,106,Chicago Bulls,108
2010-04-22 00:00:00,Los Angeles Lakers,96,Oklahoma City Thunder,101
2010-04-22 00:00:00,Phoenix Suns,108,Portland Trail Blazers,89
2010-04-23 00:00:00,Boston Celtics,100,Miami Heat,98
2010-04-23 00:00:00,Dallas Mavericks,90,San Antonio Spurs,94
2010-04-23 00:00:00,Denver Nuggets,93,Utah Jazz,105
2010-04-24 00:00:00,Orlando Magic,90,Charlotte Bobcats,86
2010-04-24 00:00:00,Phoenix Suns,87,Portland Trail Blazers,96
2010-04-24 00:00:00,Atlanta Hawks,89,Milwaukee Bucks,107
2010-04-24 00:00:00,Los Angeles Lakers,89,Oklahoma City Thunder,110
2010-04-25 00:00:00,Boston Celtics,92,Miami Heat,101
2010-04-25 00:00:00,Cleveland Cavaliers,121,Chicago Bulls,98
2010-04-25 00:00:00,Dallas Mavericks,89,San Antonio Spurs,92
2010-04-25 00:00:00,Denver Nuggets,106,Utah Jazz,117
2010-04-26 00:00:00,Orlando Magic,99,Charlotte Bobcats,90
2010-04-26 00:00:00,Atlanta Hawks,104,Milwaukee Bucks,111
2010-04-26 00:00:00,Portland Trail Blazers,88,Phoenix Suns,107
2010-04-27 00:00:00,Miami Heat,86,Boston Celtics,96
2010-04-27 00:00:00,Chicago Bulls,94,Cleveland Cavaliers,96
2010-04-27 00:00:00,San Antonio Spurs,81,Dallas Mavericks,103
2010-04-27 00:00:00,Oklahoma City Thunder,87,Los Angeles Lakers,111
2010-04-28 00:00:00,Milwaukee Bucks,91,Atlanta Hawks,87
2010-04-28 00:00:00,Utah Jazz,102,Denver Nuggets,116
2010-04-29 00:00:00,Dallas Mavericks,87,San Antonio Spurs,97
2010-04-29 00:00:00,Phoenix Suns,99,Portland Trail Blazers,90
2010-04-30 00:00:00,Atlanta Hawks,83,Milwaukee Bucks,69
2010-04-30 00:00:00,Los Angeles Lakers,95,Oklahoma City Thunder,94
2010-04-30 00:00:00,Denver Nuggets,104,Utah Jazz,112
2010-05-01 00:00:00,Boston Celtics,93,Cleveland Cavaliers,101
2010-05-02 00:00:00,Milwaukee Bucks,74,Atlanta Hawks,95
2010-05-02 00:00:00,Utah Jazz,99,Los Angeles Lakers,104
2010-05-03 00:00:00,Boston Celtics,104,Cleveland Cavaliers,86
2010-05-03 00:00:00,San Antonio Spurs,102,Phoenix Suns,111
2010-05-04 00:00:00,Atlanta Hawks,71,Orlando Magic,114
2010-05-04 00:00:00,Utah Jazz,103,Los Angeles Lakers,111
2010-05-05 00:00:00,San Antonio Spurs,102,Phoenix Suns,110
2010-05-06 00:00:00,Atlanta Hawks,98,Orlando Magic,112
2010-05-07 00:00:00,Cleveland Cavaliers,124,Boston Celtics,95
2010-05-07 00:00:00,Phoenix Suns,110,San Antonio Spurs,96
2010-05-08 00:00:00,Orlando Magic,105,Atlanta Hawks,75
2010-05-08 00:00:00,Los Angeles Lakers,111,Utah Jazz,110
2010-05-09 00:00:00,Cleveland Cavaliers,87,Boston Celtics,97
2010-05-09 00:00:00,Phoenix Suns,107,San Antonio Spurs,101
2010-05-10 00:00:00,Orlando Magic,98,Atlanta Hawks,84
2010-05-10 00:00:00,Los Angeles Lakers,111,Utah Jazz,96
2010-05-11 00:00:00,Boston Celtics,120,Cleveland Cavaliers,88
2010-05-13 00:00:00,Cleveland Cavaliers,85,Boston Celtics,94
2010-05-16 00:00:00,Boston Celtics,92,Orlando Magic,88
2010-05-17 00:00:00,Phoenix Suns,107,Los Angeles Lakers,128
2010-05-18 00:00:00,Boston Celtics,95,Orlando Magic,92
2010-05-19 00:00:00,Phoenix Suns,112,Los Angeles Lakers,124
2010-05-22 00:00:00,Orlando Magic,71,Boston Celtics,94
2010-05-23 00:00:00,Los Angeles Lakers,109,Phoenix Suns,118
2010-05-24 00:00:00,Orlando Magic,96,Boston Celtics,92
2010-05-25 00:00:00,Los Angeles Lakers,106,Phoenix Suns,115
2010-05-26 00:00:00,Boston Celtics,92,Orlando Magic,113
2010-05-27 00:00:00,Phoenix Suns,101,Los Angeles Lakers,103
2010-05-28 00:00:00,Orlando Magic,84,Boston Celtics,96
2010-05-29 00:00:00,Los Angeles Lakers,111,Phoenix Suns,103
2010-06-03 00:00:00,Boston Celtics,89,Los Angeles Lakers,102
2010-06-06 00:00:00,Boston Celtics,103,Los Angeles Lakers,94
2010-06-08 00:00:00,Los Angeles Lakers,91,Boston Celtics,84
2010-06-10 00:00:00,Los Angeles Lakers,89,Boston Celtics,96
2010-06-13 00:00:00,Los Angeles Lakers,86,Boston Celtics,92
2010-06-15 00:00:00,Boston Celtics,67,Los Angeles Lakers,89
2010-06-17 00:00:00,Boston Celtics,79,Los Angeles Lakers,83
2011-04-16 00:00:00,Indiana Pacers,99,Chicago Bulls,104
2011-04-16 00:00:00,Philadelphia 76ers,89,Miami Heat,97
2011-04-16 00:00:00,Atlanta Hawks,103,Orlando Magic,93
2011-04-16 00:00:00,Portland Trail Blazers,81,Dallas Mavericks,89
2011-04-17 00:00:00,Memphis Grizzlies,101,San Antonio Spurs,98
2011-04-17 00:00:00,New Orleans Hornets,109,Los Angeles Lakers,100
2011-04-17 00:00:00,New York Knicks,85,Boston Celtics,87
2011-04-17 00:00:00,Denver Nuggets,103,Oklahoma City Thunder,107
2011-04-18 00:00:00,Philadelphia 76ers,73,Miami Heat,94
2011-04-18 00:00:00,Indiana Pacers,90,Chicago Bulls,96
2011-04-19 00:00:00,New York Knicks,93,Boston Celtics,96
2011-04-19 00:00:00,Atlanta Hawks,82,Orlando Magic,88
2011-04-19 00:00:00,Portland Trail Blazers,89,Dallas Mavericks,101
2011-04-20 00:00:00,Denver Nuggets,89,Oklahoma City Thunder,106
2011-04-20 00:00:00,Memphis Grizzlies,87,San Antonio Spurs,93
2011-04-20 00:00:00,New Orleans Hornets,78,Los Angeles Lakers,87
2011-04-21 00:00:00,Chicago Bulls,88,Indiana Pacers,84
2011-04-21 00:00:00,Miami Heat,100,Philadelphia 76ers,94
2011-04-21 00:00:00,Dallas Mavericks,92,Portland Trail Blazers,97
2011-04-22 00:00:00,Boston Celtics,113,New York Knicks,96
2011-04-22 00:00:00,Orlando Magic,84,Atlanta Hawks,88
2011-04-22 00:00:00,Los Angeles Lakers,100,New Orleans Hornets,86
2011-04-23 00:00:00,Chicago Bulls,84,Indiana Pacers,89
2011-04-23 00:00:00,Dallas Mavericks,82,Portland Trail Blazers,84
2011-04-23 00:00:00,San Antonio Spurs,88,Memphis Grizzlies,91
2011-04-23 00:00:00,Oklahoma City Thunder,97,Denver Nuggets,94
2011-04-24 00:00:00,Miami Heat,82,Philadelphia 76ers,86
2011-04-24 00:00:00,Boston Celtics,101,New York Knicks,89
2011-04-24 00:00:00,Orlando Magic,85,Atlanta Hawks,88
2011-04-24 00:00:00,Los Angeles Lakers,88,New Orleans Hornets,93
2011-04-25 00:00:00,San Antonio Spurs,86,Memphis Grizzlies,104
2011-04-25 00:00:00,Portland Trail Blazers,82,Dallas Mavericks,93
2011-04-25 00:00:00,Oklahoma City Thunder,101,Denver Nuggets,104
2011-04-26 00:00:00,Atlanta Hawks,76,Orlando Magic,101
2011-04-26 00:00:00,Indiana Pacers,89,Chicago Bulls,116
2011-04-26 00:00:00,New Orleans Hornets,90,Los Angeles Lakers,106
2011-04-27 00:00:00,Philadelphia 76ers,91,Miami Heat,97
2011-04-27 00:00:00,Memphis Grizzlies,103,San Antonio Spurs,110
2011-04-27 00:00:00,Denver Nuggets,97,Oklahoma City Thunder,100
2011-04-28 00:00:00,Orlando Magic,81,Atlanta Hawks,84
2011-04-28 00:00:00,Los Angeles Lakers,98,New Orleans Hornets,80
2011-04-28 00:00:00,Dallas Mavericks,103,Portland Trail Blazers,96
2011-04-29 00:00:00,San Antonio Spurs,91,Memphis Grizzlies,99
2011-05-01 00:00:00,Memphis Grizzlies,114,Oklahoma City Thunder,101
2011-05-01 00:00:00,Boston Celtics,90,Miami Heat,99
2011-05-02 00:00:00,Atlanta Hawks,103,Chicago Bulls,95
2011-05-02 00:00:00,Dallas Mavericks,96,Los Angeles Lakers,94
2011-05-03 00:00:00,Boston Celtics,91,Miami Heat,102
2011-05-03 00:00:00,Memphis Grizzlies,102,Oklahoma City Thunder,111
2011-05-04 00:00:00,Atlanta Hawks,73,Chicago Bulls,86
2011-05-04 00:00:00,Dallas Mavericks,93,Los Angeles Lakers,81
2011-05-06 00:00:00,Chicago Bulls,99,Atlanta Hawks,82
2011-05-06 00:00:00,Los Angeles Lakers,92,Dallas Mavericks,98
2011-05-07 00:00:00,Oklahoma City Thunder,93,Memphis Grizzlies,101
2011-05-07 00:00:00,Miami Heat,81,Boston Celtics,97
2011-05-08 00:00:00,Los Angeles Lakers,86,Dallas Mavericks,122
2011-05-08 00:00:00,Chicago Bulls,88,Atlanta Hawks,100
2011-05-09 00:00:00,Miami Heat,98,Boston Celtics,90
2011-05-09 00:00:00,Oklahoma City Thunder,133,Memphis Grizzlies,123
2011-05-10 00:00:00,Atlanta Hawks,83,Chicago Bulls,95
2011-05-11 00:00:00,Boston Celtics,87,Miami Heat,97
2011-05-11 00:00:00,Memphis Grizzlies,72,Oklahoma City Thunder,99
2011-05-12 00:00:00,Chicago Bulls,93,Atlanta Hawks,73
2011-05-13 00:00:00,Oklahoma City Thunder,83,Memphis Grizzlies,95
2011-05-15 00:00:00,Memphis Grizzlies,90,Oklahoma City Thunder,105
2011-05-15 00:00:00,Miami Heat,82,Chicago Bulls,103
2011-05-17 00:00:00,Oklahoma City Thunder,112,Dallas Mavericks,121
2011-05-18 00:00:00,Miami Heat,85,Chicago Bulls,75
2011-05-19 00:00:00,Oklahoma City Thunder,106,Dallas Mavericks,100
2011-05-21 00:00:00,Dallas Mavericks,93,Oklahoma City Thunder,87
2011-05-22 00:00:00,Chicago Bulls,85,Miami Heat,96
2011-05-23 00:00:00,Dallas Mavericks,112,Oklahoma City Thunder,105
2011-05-24 00:00:00,Chicago Bulls,93,Miami Heat,101
2011-05-25 00:00:00,Oklahoma City Thunder,96,Dallas Mavericks,100
2011-05-26 00:00:00,Miami Heat,83,Chicago Bulls,80
2011-05-31 00:00:00,Dallas Mavericks,84,Miami Heat,92
2011-06-02 00:00:00,Dallas Mavericks,95,Miami Heat,93
2011-06-05 00:00:00,Miami Heat,88,Dallas Mavericks,86
2011-06-07 00:00:00,Miami Heat,83,Dallas Mavericks,86
2011-06-09 00:00:00,Miami Heat,103,Dallas Mavericks,112
2011-06-12 00:00:00,Dallas Mavericks,105,Miami Heat,95
2012-04-28 00:00:00,Philadelphia 76ers,91,Chicago Bulls,103
2012-04-28 00:00:00,New York Knicks,67,Miami Heat,100
2012-04-28 00:00:00,Orlando Magic,81,Indiana Pacers,77
2012-04-28 00:00:00,Dallas Mavericks,98,Oklahoma City Thunder,99
2012-04-29 00:00:00,Utah Jazz,91,San Antonio Spurs,106
2012-04-29 00:00:00,Denver Nuggets,88,Los Angeles Lakers,103
2012-04-29 00:00:00,Boston Celtics,74,Atlanta Hawks,83
2012-04-29 00:00:00,Los Angeles Clippers,99,Memphis Grizzlies,98
2012-04-30 00:00:00,New York Knicks,94,Miami Heat,104
2012-04-30 00:00:00,Orlando Magic,78,Indiana Pacers,93
2012-04-30 00:00:00,Dallas Mavericks,99,Oklahoma City Thunder,102
2012-05-01 00:00:00,Boston Celtics,87,Atlanta Hawks,80
2012-05-01 00:00:00,Philadelphia 76ers,109,Chicago Bulls,92
2012-05-01 00:00:00,Denver Nuggets,100,Los Angeles Lakers,104
2012-05-02 00:00:00,Utah Jazz,83,San Antonio Spurs,114
2012-05-02 00:00:00,Indiana Pacers,97,Orlando Magic,74
2012-05-02 00:00:00,Los Angeles Clippers,98,Memphis Grizzlies,105
2012-05-03 00:00:00,Miami Heat,87,New York Knicks,70
2012-05-03 00:00:00,Oklahoma City Thunder,95,Dallas Mavericks,79
2012-05-04 00:00:00,Atlanta Hawks,84,Boston Celtics,90
2012-05-04 00:00:00,Chicago Bulls,74,Philadelphia 76ers,79
2012-05-04 00:00:00,Los Angeles Lakers,84,Denver Nuggets,99
2012-05-05 00:00:00,Indiana Pacers,101,Orlando Magic,99
2012-05-05 00:00:00,Memphis Grizzlies,86,Los Angeles Clippers,87
2012-05-05 00:00:00,Oklahoma City Thunder,103,Dallas Mavericks,97
2012-05-05 00:00:00,San Antonio Spurs,102,Utah Jazz,90
2012-05-06 00:00:00,Chicago Bulls,82,Philadelphia 76ers,89
2012-05-06 00:00:00,Miami Heat,87,New York Knicks,89
2012-05-06 00:00:00,Atlanta Hawks,79,Boston Celtics,101
2012-05-06 00:00:00,Los Angeles Lakers,92,Denver Nuggets,88
2012-05-07 00:00:00,San Antonio Spurs,87,Utah Jazz,81
2012-05-07 00:00:00,Memphis Grizzlies,97,Los Angeles Clippers,101
2012-05-08 00:00:00,Orlando Magic,87,Indiana Pacers,105
2012-05-08 00:00:00,Boston Celtics,86,Atlanta Hawks,87
2012-05-08 00:00:00,Philadelphia 76ers,69,Chicago Bulls,77
2012-05-08 00:00:00,Denver Nuggets,102,Los Angeles Lakers,99
2012-05-09 00:00:00,New York Knicks,94,Miami Heat,106
2012-05-09 00:00:00,Los Angeles Clippers,80,Memphis Grizzlies,92
2012-05-10 00:00:00,Chicago Bulls,78,Philadelphia 76ers,79
2012-05-10 00:00:00,Atlanta Hawks,80,Boston Celtics,83
2012-05-10 00:00:00,Los Angeles Lakers,96,Denver Nuggets,113
2012-05-11 00:00:00,Memphis Grizzlies,90,Los Angeles Clippers,88
2012-05-12 00:00:00,Philadelphia 76ers,91,Boston Celtics,92
2012-05-12 00:00:00,Denver Nuggets,87,Los Angeles Lakers,96
2012-05-13 00:00:00,Los Angeles Clippers,82,Memphis Grizzlies,72
2012-05-13 00:00:00,Indiana Pacers,86,Miami Heat,95
2012-05-14 00:00:00,Philadelphia 76ers,82,Boston Celtics,81
2012-05-14 00:00:00,Los Angeles Lakers,90,Oklahoma City Thunder,119
2012-05-15 00:00:00,Indiana Pacers,78,Miami Heat,75
2012-05-15 00:00:00,Los Angeles Clippers,92,San Antonio Spurs,108
2012-05-16 00:00:00,Boston Celtics,107,Philadelphia 76ers,91
2012-05-16 00:00:00,Los Angeles Lakers,75,Oklahoma City Thunder,77
2012-05-17 00:00:00,Miami Heat,75,Indiana Pacers,94
2012-05-17 00:00:00,Los Angeles Clippers,88,San Antonio Spurs,105
2012-05-18 00:00:00,Boston Celtics,83,Philadelphia 76ers,92
2012-05-18 00:00:00,Oklahoma City Thunder,96,Los Angeles Lakers,99
2012-05-19 00:00:00,San Antonio Spurs,96,Los Angeles Clippers,86
2012-05-19 00:00:00,Oklahoma City Thunder,103,Los Angeles Lakers,100
2012-05-20 00:00:00,Miami Heat,101,Indiana Pacers,93
2012-05-20 00:00:00,San Antonio Spurs,102,Los Angeles Clippers,99
2012-05-21 00:00:00,Philadelphia 76ers,85,Boston Celtics,101
2012-05-21 00:00:00,Los Angeles Lakers,90,Oklahoma City Thunder,106
2012-05-22 00:00:00,Indiana Pacers,83,Miami Heat,115
2012-05-23 00:00:00,Boston Celtics,75,Philadelphia 76ers,82
2012-05-24 00:00:00,Miami Heat,105,Indiana Pacers,93
2012-05-26 00:00:00,Philadelphia 76ers,75,Boston Celtics,85
2012-05-27 00:00:00,Oklahoma City Thunder,98,San Antonio Spurs,101
2012-05-28 00:00:00,Boston Celtics,79,Miami Heat,93
2012-05-29 00:00:00,Oklahoma City Thunder,111,San Antonio Spurs,120
2012-05-30 00:00:00,Boston Celtics,111,Miami Heat,115
2012-05-31 00:00:00,San Antonio Spurs,82,Oklahoma City Thunder,102
2012-06-01 00:00:00,Miami Heat,91,Boston Celtics,101
2012-06-02 00:00:00,San Antonio Spurs,103,Oklahoma City Thunder,109
2012-06-03 00:00:00,Miami Heat,91,Boston Celtics,93
2012-06-04 00:00:00,Oklahoma City Thunder,108,San Antonio Spurs,103
2012-06-05 00:00:00,Boston Celtics,94,Miami Heat,90
2012-06-06 00:00:00,San Antonio Spurs,99,Oklahoma City Thunder,107
2012-06-07 00:00:00,Miami Heat,98,Boston Celtics,79
2012-06-09 00:00:00,Boston Celtics,88,Miami Heat,101
2012-06-12 00:00:00,Miami Heat,94,Oklahoma City Thunder,105
2012-06-14 00:00:00,Miami Heat,100,Oklahoma City Thunder,96
2012-06-17 00:00:00,Oklahoma City Thunder,85,Miami Heat,91
2012-06-19 00:00:00,Oklahoma City Thunder,98,Miami Heat,104
2012-06-21 00:00:00,Oklahoma City Thunder,106,Miami Heat,121
2013-04-20 00:00:00,Boston Celtics,78,New York Knicks,85
2013-04-20 00:00:00,Golden State Warriors,95,Denver Nuggets,97
2013-04-20 00:00:00,Chicago Bulls,89,Brooklyn Nets,106
2013-04-20 00:00:00,Memphis Grizzlies,91,Los Angeles Clippers,112
2013-04-21 00:00:00,Atlanta Hawks,90,Indiana Pacers,107
2013-04-21 00:00:00,Los Angeles Lakers,79,San Antonio Spurs,91
2013-04-21 00:00:00,Milwaukee Bucks,87,Miami Heat,110
2013-04-21 00:00:00,Houston Rockets,91,Oklahoma City Thunder,120
2013-04-22 00:00:00,Chicago Bulls,90,Brooklyn Nets,82
2013-04-22 00:00:00,Memphis Grizzlies,91,Los Angeles Clippers,93
2013-04-23 00:00:00,Milwaukee Bucks,86,Miami Heat,98
2013-04-23 00:00:00,Boston Celtics,71,New York Knicks,87
2013-04-23 00:00:00,Golden State Warriors,131,Denver Nuggets,117
2013-04-24 00:00:00,Houston Rockets,102,Oklahoma City Thunder,105
2013-04-24 00:00:00,Atlanta Hawks,98,Indiana Pacers,113
2013-04-24 00:00:00,Los Angeles Lakers,91,San Antonio Spurs,102
2013-04-25 00:00:00,Miami Heat,104,Milwaukee Bucks,91
2013-04-25 00:00:00,Brooklyn Nets,76,Chicago Bulls,79
2013-04-25 00:00:00,Los Angeles Clippers,82,Memphis Grizzlies,94
2013-04-26 00:00:00,New York Knicks,90,Boston Celtics,76
2013-04-26 00:00:00,Denver Nuggets,108,Golden State Warriors,110
2013-04-26 00:00:00,San Antonio Spurs,120,Los Angeles Lakers,89
2013-04-27 00:00:00,Brooklyn Nets,134,Chicago Bulls,142
2013-04-27 00:00:00,Los Angeles Clippers,83,Memphis Grizzlies,104
2013-04-27 00:00:00,Indiana Pacers,69,Atlanta Hawks,90
2013-04-27 00:00:00,Oklahoma City Thunder,104,Houston Rockets,101
2013-04-28 00:00:00,New York Knicks,90,Boston Celtics,97
2013-04-28 00:00:00,Miami Heat,88,Milwaukee Bucks,77
2013-04-28 00:00:00,San Antonio Spurs,103,Los Angeles Lakers,82
2013-04-28 00:00:00,Denver Nuggets,101,Golden State Warriors,115
2013-04-29 00:00:00,Chicago Bulls,91,Brooklyn Nets,110
2013-04-29 00:00:00,Indiana Pacers,91,Atlanta Hawks,102
2013-04-29 00:00:00,Oklahoma City Thunder,103,Houston Rockets,105
2013-04-30 00:00:00,Golden State Warriors,100,Denver Nuggets,107
2013-04-30 00:00:00,Memphis Grizzlies,103,Los Angeles Clippers,93
2013-05-01 00:00:00,Boston Celtics,92,New York Knicks,86
2013-05-01 00:00:00,Atlanta Hawks,83,Indiana Pacers,106
2013-05-01 00:00:00,Houston Rockets,107,Oklahoma City Thunder,100
2013-05-02 00:00:00,Brooklyn Nets,95,Chicago Bulls,92
2013-05-02 00:00:00,Denver Nuggets,88,Golden State Warriors,92
2013-05-03 00:00:00,Indiana Pacers,81,Atlanta Hawks,73
2013-05-03 00:00:00,New York Knicks,88,Boston Celtics,80
2013-05-03 00:00:00,Oklahoma City Thunder,103,Houston Rockets,94
2013-05-03 00:00:00,Los Angeles Clippers,105,Memphis Grizzlies,118
2013-05-04 00:00:00,Chicago Bulls,99,Brooklyn Nets,93
2013-05-05 00:00:00,Memphis Grizzlies,91,Oklahoma City Thunder,93
2013-05-05 00:00:00,Indiana Pacers,102,New York Knicks,95
2013-05-06 00:00:00,Chicago Bulls,93,Miami Heat,86
2013-05-06 00:00:00,Golden State Warriors,127,San Antonio Spurs,129
2013-05-07 00:00:00,Indiana Pacers,79,New York Knicks,105
2013-05-07 00:00:00,Memphis Grizzlies,99,Oklahoma City Thunder,93
2013-05-08 00:00:00,Chicago Bulls,78,Miami Heat,115
2013-05-08 00:00:00,Golden State Warriors,100,San Antonio Spurs,91
2013-05-10 00:00:00,Miami Heat,104,Chicago Bulls,94
2013-05-10 00:00:00,San Antonio Spurs,102,Golden State Warriors,92
2013-05-11 00:00:00,Oklahoma City Thunder,81,Memphis Grizzlies,87
2013-05-11 00:00:00,New York Knicks,71,Indiana Pacers,82
2013-05-12 00:00:00,San Antonio Spurs,87,Golden State Warriors,97
2013-05-13 00:00:00,Miami Heat,88,Chicago Bulls,65
2013-05-13 00:00:00,Oklahoma City Thunder,97,Memphis Grizzlies,103
2013-05-14 00:00:00,New York Knicks,82,Indiana Pacers,93
2013-05-14 00:00:00,Golden State Warriors,91,San Antonio Spurs,109
2013-05-15 00:00:00,Chicago Bulls,91,Miami Heat,94
2013-05-15 00:00:00,Memphis Grizzlies,88,Oklahoma City Thunder,84
2013-05-16 00:00:00,Indiana Pacers,75,New York Knicks,85
2013-05-16 00:00:00,San Antonio Spurs,94,Golden State Warriors,82
2013-05-18 00:00:00,New York Knicks,99,Indiana Pacers,106
2013-05-19 00:00:00,Memphis Grizzlies,83,San Antonio Spurs,105
2013-05-21 00:00:00,Memphis Grizzlies,89,San Antonio Spurs,93
2013-05-22 00:00:00,Indiana Pacers,102,Miami Heat,103
2013-05-24 00:00:00,Indiana Pacers,97,Miami Heat,93
2013-05-25 00:00:00,San Antonio Spurs,104,Memphis Grizzlies,93
2013-05-26 00:00:00,Miami Heat,114,Indiana Pacers,96
2013-05-27 00:00:00,San Antonio Spurs,93,Memphis Grizzlies,86
2013-05-28 00:00:00,Miami Heat,92,Indiana Pacers,99
2013-05-30 00:00:00,Indiana Pacers,79,Miami Heat,90
2013-06-01 00:00:00,Miami Heat,77,Indiana Pacers,91
2013-06-03 00:00:00,Indiana Pacers,76,Miami Heat,99
2013-06-06 00:00:00,San Antonio Spurs,92,Miami Heat,88
2013-06-09 00:00:00,San Antonio Spurs,84,Miami Heat,103
2013-06-11 00:00:00,Miami Heat,77,San Antonio Spurs,113
2013-06-13 00:00:00,Miami Heat,109,San Antonio Spurs,93
2013-06-16 00:00:00,Miami Heat,104,San Antonio Spurs,114
2013-06-18 00:00:00,San Antonio Spurs,100,Miami Heat,103
2013-06-20 00:00:00,San Antonio Spurs,88,Miami Heat,95
2014-04-19 00:00:00,Brooklyn Nets,94,Toronto Raptors,87
2014-04-19 00:00:00,Golden State Warriors,109,Los Angeles Clippers,105
2014-04-19 00:00:00,Atlanta Hawks,101,Indiana Pacers,93
2014-04-19 00:00:00,Memphis Grizzlies,86,Oklahoma City Thunder,100
2014-04-20 00:00:00,Dallas Mavericks,85,San Antonio Spurs,90
2014-04-20 00:00:00,Charlotte Bobcats,88,Miami Heat,99
2014-04-20 00:00:00,Washington Wizards,102,Chicago Bulls,93
2014-04-20 00:00:00,Portland Trail Blazers,122,Houston Rockets,120
2014-04-21 00:00:00,Memphis Grizzlies,111,Oklahoma City Thunder,105
2014-04-21 00:00:00,Golden State Warriors,98,Los Angeles Clippers,138
2014-04-22 00:00:00,Atlanta Hawks,85,Indiana Pacers,101
2014-04-22 00:00:00,Brooklyn Nets,95,Toronto Raptors,100
2014-04-22 00:00:00,Washington Wizards,101,Chicago Bulls,99
2014-04-23 00:00:00,Charlotte Bobcats,97,Miami Heat,101
2014-04-23 00:00:00,Dallas Mavericks,113,San Antonio Spurs,92
2014-04-23 00:00:00,Portland Trail Blazers,112,Houston Rockets,105
2014-04-24 00:00:00,Indiana Pacers,85,Atlanta Hawks,98
2014-04-24 00:00:00,Oklahoma City Thunder,95,Memphis Grizzlies,98
2014-04-24 00:00:00,Los Angeles Clippers,98,Golden State Warriors,96
2014-04-25 00:00:00,Toronto Raptors,98,Brooklyn Nets,102
2014-04-25 00:00:00,Chicago Bulls,100,Washington Wizards,97
2014-04-25 00:00:00,Houston Rockets,121,Portland Trail Blazers,116
2014-04-26 00:00:00,Indiana Pacers,91,Atlanta Hawks,88
2014-04-26 00:00:00,San Antonio Spurs,108,Dallas Mavericks,109
2014-04-26 00:00:00,Miami Heat,98,Charlotte Bobcats,85
2014-04-26 00:00:00,Oklahoma City Thunder,92,Memphis Grizzlies,89
2014-04-27 00:00:00,Chicago Bulls,89,Washington Wizards,98
2014-04-27 00:00:00,Los Angeles Clippers,97,Golden State Warriors,118
2014-04-27 00:00:00,Toronto Raptors,87,Brooklyn Nets,79
2014-04-27 00:00:00,Houston Rockets,120,Portland Trail Blazers,123
2014-04-28 00:00:00,Miami Heat,109,Charlotte Bobcats,98
2014-04-28 00:00:00,Atlanta Hawks,107,Indiana Pacers,97
2014-04-28 00:00:00,San Antonio Spurs,93,Dallas Mavericks,89
2014-04-29 00:00:00,Washington Wizards,75,Chicago Bulls,69
2014-04-29 00:00:00,Memphis Grizzlies,100,Oklahoma City Thunder,99
2014-04-29 00:00:00,Golden State Warriors,103,Los Angeles Clippers,113
2014-04-30 00:00:00,Dallas Mavericks,103,San Antonio Spurs,109
2014-04-30 00:00:00,Brooklyn Nets,113,Toronto Raptors,115
2014-04-30 00:00:00,Portland Trail Blazers,98,Houston Rockets,108
2014-05-01 00:00:00,Indiana Pacers,95,Atlanta Hawks,88
2014-05-01 00:00:00,Oklahoma City Thunder,104,Memphis Grizzlies,84
2014-05-01 00:00:00,Los Angeles Clippers,99,Golden State Warriors,100
2014-05-02 00:00:00,Toronto Raptors,83,Brooklyn Nets,97
2014-05-02 00:00:00,San Antonio Spurs,111,Dallas Mavericks,113
2014-05-02 00:00:00,Houston Rockets,98,Portland Trail Blazers,99
2014-05-03 00:00:00,Atlanta Hawks,80,Indiana Pacers,92
2014-05-03 00:00:00,Memphis Grizzlies,109,Oklahoma City Thunder,120
2014-05-03 00:00:00,Golden State Warriors,121,Los Angeles Clippers,126
2014-05-04 00:00:00,Brooklyn Nets,104,Toronto Raptors,103
2014-05-04 00:00:00,Dallas Mavericks,96,San Antonio Spurs,119
2014-05-05 00:00:00,Washington Wizards,102,Indiana Pacers,96
2014-05-05 00:00:00,Los Angeles Clippers,122,Oklahoma City Thunder,105
2014-05-06 00:00:00,Brooklyn Nets,86,Miami Heat,107
2014-05-06 00:00:00,Portland Trail Blazers,92,San Antonio Spurs,116
2014-05-07 00:00:00,Washington Wizards,82,Indiana Pacers,86
2014-05-07 00:00:00,Los Angeles Clippers,101,Oklahoma City Thunder,112
2014-05-08 00:00:00,Brooklyn Nets,82,Miami Heat,94
2014-05-08 00:00:00,Portland Trail Blazers,97,San Antonio Spurs,114
2014-05-09 00:00:00,Indiana Pacers,85,Washington Wizards,63
2014-05-09 00:00:00,Oklahoma City Thunder,118,Los Angeles Clippers,112
2014-05-10 00:00:00,Miami Heat,90,Brooklyn Nets,104
2014-05-10 00:00:00,San Antonio Spurs,118,Portland Trail Blazers,103
2014-05-11 00:00:00,Oklahoma City Thunder,99,Los Angeles Clippers,101
2014-05-11 00:00:00,Indiana Pacers,95,Washington Wizards,92
2014-05-12 00:00:00,Miami Heat,102,Brooklyn Nets,96
2014-05-12 00:00:00,San Antonio Spurs,92,Portland Trail Blazers,103
2014-05-13 00:00:00,Washington Wizards,102,Indiana Pacers,79
2014-05-13 00:00:00,Los Angeles Clippers,104,Oklahoma City Thunder,105
2014-05-14 00:00:00,Brooklyn Nets,94,Miami Heat,96
2014-05-14 00:00:00,Portland Trail Blazers,82,San Antonio Spurs,104
2014-05-15 00:00:00,Indiana Pacers,93,Washington Wizards,80
2014-05-15 00:00:00,Oklahoma City Thunder,104,Los Angeles Clippers,98
2014-05-18 00:00:00,Miami Heat,96,Indiana Pacers,107
2014-05-19 00:00:00,Oklahoma City Thunder,105,San Antonio Spurs,122
2014-05-20 00:00:00,Miami Heat,87,Indiana Pacers,83
2014-05-21 00:00:00,Oklahoma City Thunder,77,San Antonio Spurs,112
2014-05-24 00:00:00,Indiana Pacers,87,Miami Heat,99
2014-05-25 00:00:00,San Antonio Spurs,97,Oklahoma City Thunder,106
2014-05-26 00:00:00,Indiana Pacers,90,Miami Heat,102
2014-05-27 00:00:00,San Antonio Spurs,92,Oklahoma City Thunder,105
2014-05-28 00:00:00,Miami Heat,90,Indiana Pacers,93
2014-05-29 00:00:00,Oklahoma City Thunder,89,San Antonio Spurs,117
2014-05-30 00:00:00,Indiana Pacers,92,Miami Heat,117
2014-05-31 00:00:00,San Antonio Spurs,112,Oklahoma City Thunder,107
2014-06-05 00:00:00,Miami Heat,95,San Antonio Spurs,110
2014-06-08 00:00:00,Miami Heat,98,San Antonio Spurs,96
2014-06-10 00:00:00,San Antonio Spurs,111,Miami Heat,92
2014-06-12 00:00:00,San Antonio Spurs,107,Miami Heat,86
2014-06-15 00:00:00,Miami Heat,87,San Antonio Spurs,104
2015-04-18 00:00:00,Washington Wizards,93,Toronto Raptors,86
2015-04-18 00:00:00,New Orleans Pelicans,99,Golden State Warriors,106
2015-04-18 00:00:00,Milwaukee Bucks,91,Chicago Bulls,103
2015-04-18 00:00:00,Dallas Mavericks,108,Houston Rockets,118
2015-04-19 00:00:00,Boston Celtics,100,Cleveland Cavaliers,113
2015-04-19 00:00:00,Brooklyn Nets,92,Atlanta Hawks,99
2015-04-19 00:00:00,Portland Trail Blazers,86,Memphis Grizzlies,100
2015-04-19 00:00:00,San Antonio Spurs,92,Los Angeles Clippers,107
2015-04-20 00:00:00,Milwaukee Bucks,82,Chicago Bulls,91
2015-04-20 00:00:00,New Orleans Pelicans,87,Golden State Warriors,97
2015-04-21 00:00:00,Boston Celtics,91,Cleveland Cavaliers,99
2015-04-21 00:00:00,Washington Wizards,117,Toronto Raptors,106
2015-04-21 00:00:00,Dallas Mavericks,99,Houston Rockets,111
2015-04-22 00:00:00,Brooklyn Nets,91,Atlanta Hawks,96
2015-04-22 00:00:00,Portland Trail Blazers,82,Memphis Grizzlies,97
2015-04-22 00:00:00,San Antonio Spurs,111,Los Angeles Clippers,107
2015-04-23 00:00:00,Cleveland Cavaliers,103,Boston Celtics,95
2015-04-23 00:00:00,Chicago Bulls,113,Milwaukee Bucks,106
2015-04-23 00:00:00,Golden State Warriors,123,New Orleans Pelicans,119
2015-04-24 00:00:00,Houston Rockets,130,Dallas Mavericks,128
2015-04-24 00:00:00,Toronto Raptors,99,Washington Wizards,106
2015-04-24 00:00:00,Los Angeles Clippers,73,San Antonio Spurs,100
2015-04-25 00:00:00,Atlanta Hawks,83,Brooklyn Nets,91
2015-04-25 00:00:00,Chicago Bulls,90,Milwaukee Bucks,92
2015-04-25 00:00:00,Golden State Warriors,109,New Orleans Pelicans,98
2015-04-25 00:00:00,Memphis Grizzlies,115,Portland Trail Blazers,109
2015-04-26 00:00:00,Cleveland Cavaliers,101,Boston Celtics,93
2015-04-26 00:00:00,Los Angeles Clippers,114,San Antonio Spurs,105
2015-04-26 00:00:00,Toronto Raptors,94,Washington Wizards,125
2015-04-26 00:00:00,Houston Rockets,109,Dallas Mavericks,121
2015-04-27 00:00:00,Atlanta Hawks,115,Brooklyn Nets,120
2015-04-27 00:00:00,Milwaukee Bucks,94,Chicago Bulls,88
2015-04-27 00:00:00,Memphis Grizzlies,92,Portland Trail Blazers,99
2015-04-28 00:00:00,Dallas Mavericks,94,Houston Rockets,103
2015-04-28 00:00:00,San Antonio Spurs,111,Los Angeles Clippers,107
2015-04-29 00:00:00,Brooklyn Nets,97,Atlanta Hawks,107
2015-04-29 00:00:00,Portland Trail Blazers,93,Memphis Grizzlies,99
2015-04-30 00:00:00,Chicago Bulls,120,Milwaukee Bucks,66
2015-04-30 00:00:00,Los Angeles Clippers,102,San Antonio Spurs,96
2015-05-01 00:00:00,Atlanta Hawks,111,Brooklyn Nets,87
2015-05-02 00:00:00,San Antonio Spurs,109,Los Angeles Clippers,111
2015-05-03 00:00:00,Washington Wizards,104,Atlanta Hawks,98
2015-05-03 00:00:00,Memphis Grizzlies,86,Golden State Warriors,101
2015-05-04 00:00:00,Chicago Bulls,99,Cleveland Cavaliers,92
2015-05-04 00:00:00,Los Angeles Clippers,117,Houston Rockets,101
2015-05-05 00:00:00,Washington Wizards,90,Atlanta Hawks,106
2015-05-05 00:00:00,Memphis Grizzlies,97,Golden State Warriors,90
2015-05-06 00:00:00,Chicago Bulls,91,Cleveland Cavaliers,106
2015-05-06 00:00:00,Los Angeles Clippers,109,Houston Rockets,115
2015-05-08 00:00:00,Cleveland Cavaliers,96,Chicago Bulls,99
2015-05-08 00:00:00,Houston Rockets,99,Los Angeles Clippers,124
2015-05-09 00:00:00,Atlanta Hawks,101,Washington Wizards,103
2015-05-09 00:00:00,Golden State Warriors,89,Memphis Grizzlies,99
2015-05-10 00:00:00,Cleveland Cavaliers,86,Chicago Bulls,84
2015-05-10 00:00:00,Houston Rockets,95,Los Angeles Clippers,128
2015-05-11 00:00:00,Atlanta Hawks,106,Washington Wizards,101
2015-05-11 00:00:00,Golden State Warriors,101,Memphis Grizzlies,84
2015-05-12 00:00:00,Chicago Bulls,101,Cleveland Cavaliers,106
2015-05-12 00:00:00,Los Angeles Clippers,103,Houston Rockets,124
2015-05-13 00:00:00,Washington Wizards,81,Atlanta Hawks,82
2015-05-13 00:00:00,Memphis Grizzlies,78,Golden State Warriors,98
2015-05-14 00:00:00,Cleveland Cavaliers,94,Chicago Bulls,73
2015-05-14 00:00:00,Houston Rockets,119,Los Angeles Clippers,107
2015-05-15 00:00:00,Atlanta Hawks,94,Washington Wizards,91
2015-05-15 00:00:00,Golden State Warriors,108,Memphis Grizzlies,95
2015-05-17 00:00:00,Los Angeles Clippers,100,Houston Rockets,113
2015-05-19 00:00:00,Houston Rockets,106,Golden State Warriors,110
2015-05-20 00:00:00,Cleveland Cavaliers,97,Atlanta Hawks,89
2015-05-21 00:00:00,Houston Rockets,98,Golden State Warriors,99
2015-05-22 00:00:00,Cleveland Cavaliers,94,Atlanta Hawks,82
2015-05-23 00:00:00,Golden State Warriors,115,Houston Rockets,80
2015-05-24 00:00:00,Atlanta Hawks,111,Cleveland Cavaliers,114
2015-05-25 00:00:00,Golden State Warriors,115,Houston Rockets,128
2015-05-26 00:00:00,Atlanta Hawks,88,Cleveland Cavaliers,118
2015-05-27 00:00:00,Houston Rockets,90,Golden State Warriors,104
2015-06-04 00:00:00,Cleveland Cavaliers,100,Golden State Warriors,108
2015-06-07 00:00:00,Cleveland Cavaliers,95,Golden State Warriors,93
2015-06-09 00:00:00,Golden State Warriors,91,Cleveland Cavaliers,96
2015-06-11 00:00:00,Golden State Warriors,103,Cleveland Cavaliers,82
2015-06-14 00:00:00,Cleveland Cavaliers,91,Golden State Warriors,104
2015-06-16 00:00:00,Golden State Warriors,105,Cleveland Cavaliers,97
2016-04-16 00:00:00,Indiana Pacers,100,Toronto Raptors,90
2016-04-16 00:00:00,Houston Rockets,78,Golden State Warriors,104
2016-04-16 00:00:00,Boston Celtics,101,Atlanta Hawks,102
2016-04-16 00:00:00,Dallas Mavericks,70,Oklahoma City Thunder,108
2016-04-17 00:00:00,Detroit Pistons,101,Cleveland Cavaliers,106
2016-04-17 00:00:00,Charlotte Hornets,91,Miami Heat,123
2016-04-17 00:00:00,Memphis Grizzlies,74,San Antonio Spurs,106
2016-04-17 00:00:00,Portland Trail Blazers,95,Los Angeles Clippers,115
2016-04-18 00:00:00,Indiana Pacers,87,Toronto Raptors,98
2016-04-18 00:00:00,Dallas Mavericks,85,Oklahoma City Thunder,84
2016-04-18 00:00:00,Houston Rockets,106,Golden State Warriors,115
2016-04-19 00:00:00,Boston Celtics,72,Atlanta Hawks,89
2016-04-19 00:00:00,Memphis Grizzlies,68,San Antonio Spurs,94
2016-04-20 00:00:00,Charlotte Hornets,103,Miami Heat,115
2016-04-20 00:00:00,Detroit Pistons,90,Cleveland Cavaliers,107
2016-04-20 00:00:00,Portland Trail Blazers,81,Los Angeles Clippers,102
2016-04-21 00:00:00,Oklahoma City Thunder,131,Dallas Mavericks,102
2016-04-21 00:00:00,Toronto Raptors,101,Indiana Pacers,85
2016-04-21 00:00:00,Golden State Warriors,96,Houston Rockets,97
2016-04-22 00:00:00,Cleveland Cavaliers,101,Detroit Pistons,91
2016-04-22 00:00:00,Atlanta Hawks,103,Boston Celtics,111
2016-04-22 00:00:00,San Antonio Spurs,96,Memphis Grizzlies,87
2016-04-23 00:00:00,Toronto Raptors,83,Indiana Pacers,100
2016-04-23 00:00:00,Miami Heat,80,Charlotte Hornets,96
2016-04-23 00:00:00,Oklahoma City Thunder,119,Dallas Mavericks,108
2016-04-23 00:00:00,Los Angeles Clippers,88,Portland Trail Blazers,96
2016-04-24 00:00:00,San Antonio Spurs,116,Memphis Grizzlies,95
2016-04-24 00:00:00,Golden State Warriors,121,Houston Rockets,94
2016-04-24 00:00:00,Atlanta Hawks,95,Boston Celtics,104
2016-04-24 00:00:00,Cleveland Cavaliers,100,Detroit Pistons,98
2016-04-25 00:00:00,Miami Heat,85,Charlotte Hornets,89
2016-04-25 00:00:00,Dallas Mavericks,104,Oklahoma City Thunder,118
2016-04-25 00:00:00,Los Angeles Clippers,84,Portland Trail Blazers,98
2016-04-26 00:00:00,Indiana Pacers,99,Toronto Raptors,102
2016-04-26 00:00:00,Boston Celtics,83,Atlanta Hawks,110
2016-04-27 00:00:00,Charlotte Hornets,90,Miami Heat,88
2016-04-27 00:00:00,Portland Trail Blazers,108,Los Angeles Clippers,98
2016-04-27 00:00:00,Houston Rockets,81,Golden State Warriors,114
2016-04-28 00:00:00,Atlanta Hawks,104,Boston Celtics,92
2016-04-29 00:00:00,Toronto Raptors,83,Indiana Pacers,101
2016-04-29 00:00:00,Miami Heat,97,Charlotte Hornets,90
2016-04-29 00:00:00,Los Angeles Clippers,103,Portland Trail Blazers,106
2016-04-30 00:00:00,Oklahoma City Thunder,92,San Antonio Spurs,124
2016-05-01 00:00:00,Charlotte Hornets,73,Miami Heat,106
2016-05-01 00:00:00,Portland Trail Blazers,106,Golden State Warriors,118
2016-05-01 00:00:00,Indiana Pacers,84,Toronto Raptors,89
2016-05-02 00:00:00,Atlanta Hawks,93,Cleveland Cavaliers,104
2016-05-02 00:00:00,Oklahoma City Thunder,98,San Antonio Spurs,97
2016-05-03 00:00:00,Miami Heat,102,Toronto Raptors,96
2016-05-03 00:00:00,Portland Trail Blazers,99,Golden State Warriors,110
2016-05-04 00:00:00,Atlanta Hawks,98,Cleveland Cavaliers,123
2016-05-05 00:00:00,Miami Heat,92,Toronto Raptors,96
2016-05-06 00:00:00,Cleveland Cavaliers,121,Atlanta Hawks,108
2016-05-06 00:00:00,San Antonio Spurs,100,Oklahoma City Thunder,96
2016-05-07 00:00:00,Toronto Raptors,95,Miami Heat,91
2016-05-07 00:00:00,Golden State Warriors,108,Portland Trail Blazers,120
2016-05-08 00:00:00,Cleveland Cavaliers,100,Atlanta Hawks,99
2016-05-08 00:00:00,San Antonio Spurs,97,Oklahoma City Thunder,111
2016-05-09 00:00:00,Toronto Raptors,87,Miami Heat,94
2016-05-09 00:00:00,Golden State Warriors,132,Portland Trail Blazers,125
2016-05-10 00:00:00,Oklahoma City Thunder,95,San Antonio Spurs,91
2016-05-11 00:00:00,Miami Heat,91,Toronto Raptors,99
2016-05-11 00:00:00,Portland Trail Blazers,121,Golden State Warriors,125
2016-05-12 00:00:00,San Antonio Spurs,99,Oklahoma City Thunder,113
2016-05-13 00:00:00,Toronto Raptors,91,Miami Heat,103
2016-05-15 00:00:00,Miami Heat,89,Toronto Raptors,116
2016-05-16 00:00:00,Oklahoma City Thunder,108,Golden State Warriors,102
2016-05-17 00:00:00,Toronto Raptors,84,Cleveland Cavaliers,115
2016-05-18 00:00:00,Oklahoma City Thunder,91,Golden State Warriors,118
2016-05-19 00:00:00,Toronto Raptors,89,Cleveland Cavaliers,108
2016-05-21 00:00:00,Cleveland Cavaliers,84,Toronto Raptors,99
2016-05-22 00:00:00,Golden State Warriors,105,Oklahoma City Thunder,133
2016-05-23 00:00:00,Cleveland Cavaliers,99,Toronto Raptors,105
2016-05-24 00:00:00,Golden State Warriors,94,Oklahoma City Thunder,118
2016-05-25 00:00:00,Toronto Raptors,78,Cleveland Cavaliers,116
2016-05-26 00:00:00,Oklahoma City Thunder,111,Golden State Warriors,120
2016-05-27 00:00:00,Cleveland Cavaliers,113,Toronto Raptors,87
2016-05-28 00:00:00,Golden State Warriors,108,Oklahoma City Thunder,101
2016-05-30 00:00:00,Oklahoma City Thunder,88,Golden State Warriors,96
2016-06-02 00:00:00,Cleveland Cavaliers,89,Golden State Warriors,104
2016-06-05 00:00:00,Cleveland Cavaliers,77,Golden State Warriors,110
2016-06-08 00:00:00,Golden State Warriors,90,Cleveland Cavaliers,120
2016-06-10 00:00:00,Golden State Warriors,108,Cleveland Cavaliers,97
2016-06-13 00:00:00,Cleveland Cavaliers,112,Golden State Warriors,97
2016-06-16 00:00:00,Golden State Warriors,101,Cleveland Cavaliers,115
2016-06-19 00:00:00,Cleveland Cavaliers,93,Golden State Warriors,89
2017-04-15 00:00:00,Indiana Pacers,108,Cleveland Cavaliers,109
2017-04-15 00:00:00,Milwaukee Bucks,97,Toronto Raptors,83
2017-04-15 00:00:00,Memphis Grizzlies,82,San Antonio Spurs,111
2017-04-15 00:00:00,Utah Jazz,97,Los Angeles Clippers,95
2017-04-16 00:00:00,Atlanta Hawks,107,Washington Wizards,114
2017-04-16 00:00:00,Portland Trail Blazers,109,Golden State Warriors,121
2017-04-16 00:00:00,Chicago Bulls,106,Boston Celtics,102
2017-04-16 00:00:00,Oklahoma City Thunder,87,Houston Rockets,118
2017-04-17 00:00:00,Indiana Pacers,111,Cleveland Cavaliers,117
2017-04-17 00:00:00,Memphis Grizzlies,82,San Antonio Spurs,96
2017-04-18 00:00:00,Milwaukee Bucks,100,Toronto Raptors,106
2017-04-18 00:00:00,Chicago Bulls,111,Boston Celtics,97
2017-04-18 00:00:00,Utah Jazz,91,Los Angeles Clippers,99
2017-04-19 00:00:00,Atlanta Hawks,101,Washington Wizards,109
2017-04-19 00:00:00,Oklahoma City Thunder,111,Houston Rockets,115
2017-04-19 00:00:00,Portland Trail Blazers,81,Golden State Warriors,110
2017-04-20 00:00:00,Cleveland Cavaliers,119,Indiana Pacers,114
2017-04-20 00:00:00,Toronto Raptors,77,Milwaukee Bucks,104
2017-04-20 00:00:00,San Antonio Spurs,94,Memphis Grizzlies,105
2017-04-21 00:00:00,Boston Celtics,104,Chicago Bulls,87
2017-04-21 00:00:00,Houston Rockets,113,Oklahoma City Thunder,115
2017-04-21 00:00:00,Los Angeles Clippers,111,Utah Jazz,106
2017-04-22 00:00:00,Toronto Raptors,87,Milwaukee Bucks,76
2017-04-22 00:00:00,Washington Wizards,98,Atlanta Hawks,116
2017-04-22 00:00:00,San Antonio Spurs,108,Memphis Grizzlies,110
2017-04-22 00:00:00,Golden State Warriors,119,Portland Trail Blazers,113
2017-04-23 00:00:00,Cleveland Cavaliers,106,Indiana Pacers,102
2017-04-23 00:00:00,Houston Rockets,113,Oklahoma City Thunder,109
2017-04-23 00:00:00,Boston Celtics,104,Chicago Bulls,95
2017-04-23 00:00:00,Los Angeles Clippers,98,Utah Jazz,105
2017-04-24 00:00:00,Milwaukee Bucks,93,Toronto Raptors,118
2017-04-24 00:00:00,Washington Wizards,101,Atlanta Hawks,111
2017-04-24 00:00:00,Golden State Warriors,128,Portland Trail Blazers,103
2017-04-25 00:00:00,Oklahoma City Thunder,99,Houston Rockets,105
2017-04-25 00:00:00,Memphis Grizzlies,103,San Antonio Spurs,116
2017-04-25 00:00:00,Utah Jazz,96,Los Angeles Clippers,92
2017-04-26 00:00:00,Atlanta Hawks,99,Washington Wizards,103
2017-04-26 00:00:00,Chicago Bulls,97,Boston Celtics,108
2017-04-27 00:00:00,Toronto Raptors,92,Milwaukee Bucks,89
2017-04-27 00:00:00,San Antonio Spurs,103,Memphis Grizzlies,96
2017-04-28 00:00:00,Washington Wizards,115,Atlanta Hawks,99
2017-04-28 00:00:00,Boston Celtics,105,Chicago Bulls,83
2017-04-28 00:00:00,Los Angeles Clippers,98,Utah Jazz,93
2017-04-30 00:00:00,Washington Wizards,111,Boston Celtics,123
2017-04-30 00:00:00,Utah Jazz,104,Los Angeles Clippers,91
2017-05-01 00:00:00,Toronto Raptors,105,Cleveland Cavaliers,116
2017-05-01 00:00:00,Houston Rockets,126,San Antonio Spurs,99
2017-05-02 00:00:00,Washington Wizards,119,Boston Celtics,129
2017-05-02 00:00:00,Utah Jazz,94,Golden State Warriors,106
2017-05-03 00:00:00,Toronto Raptors,103,Cleveland Cavaliers,125
2017-05-03 00:00:00,Houston Rockets,96,San Antonio Spurs,121
2017-05-04 00:00:00,Boston Celtics,89,Washington Wizards,116
2017-05-04 00:00:00,Utah Jazz,104,Golden State Warriors,115
2017-05-05 00:00:00,Cleveland Cavaliers,115,Toronto Raptors,94
2017-05-05 00:00:00,San Antonio Spurs,103,Houston Rockets,92
2017-05-06 00:00:00,Golden State Warriors,102,Utah Jazz,91
2017-05-07 00:00:00,Cleveland Cavaliers,109,Toronto Raptors,102
2017-05-07 00:00:00,Boston Celtics,102,Washington Wizards,121
2017-05-07 00:00:00,San Antonio Spurs,104,Houston Rockets,125
2017-05-08 00:00:00,Golden State Warriors,121,Utah Jazz,95
2017-05-09 00:00:00,Houston Rockets,107,San Antonio Spurs,110
2017-05-10 00:00:00,Washington Wizards,101,Boston Celtics,123
2017-05-11 00:00:00,San Antonio Spurs,114,Houston Rockets,75
2017-05-12 00:00:00,Boston Celtics,91,Washington Wizards,92
2017-05-14 00:00:00,San Antonio Spurs,111,Golden State Warriors,113
2017-05-15 00:00:00,Washington Wizards,105,Boston Celtics,115
2017-05-16 00:00:00,San Antonio Spurs,100,Golden State Warriors,136
2017-05-17 00:00:00,Cleveland Cavaliers,117,Boston Celtics,104
2017-05-19 00:00:00,Cleveland Cavaliers,130,Boston Celtics,86
2017-05-20 00:00:00,Golden State Warriors,120,San Antonio Spurs,108
2017-05-21 00:00:00,Boston Celtics,111,Cleveland Cavaliers,108
2017-05-22 00:00:00,Golden State Warriors,129,San Antonio Spurs,115
2017-05-23 00:00:00,Boston Celtics,99,Cleveland Cavaliers,112
2017-05-25 00:00:00,Cleveland Cavaliers,135,Boston Celtics,102
2017-06-01 00:00:00,Cleveland Cavaliers,91,Golden State Warriors,113
2017-06-04 00:00:00,Cleveland Cavaliers,113,Golden State Warriors,132
2017-06-07 00:00:00,Golden State Warriors,118,Cleveland Cavaliers,113
2017-06-09 00:00:00,Golden State Warriors,116,Cleveland Cavaliers,137
2017-06-12 00:00:00,Cleveland Cavaliers,120,Golden State Warriors,129
2018-04-14 00:00:00,San Antonio Spurs,92,Golden State Warriors,113
2018-04-14 00:00:00,Washington Wizards,106,Toronto Raptors,114
2018-04-14 00:00:00,Miami Heat,103,Philadelphia 76ers,130
2018-04-14 00:00:00,New Orleans Pelicans,97,Portland Trail Blazers,95
2018-04-15 00:00:00,Milwaukee Bucks,107,Boston Celtics,113
2018-04-15 00:00:00,Indiana Pacers,98,Cleveland Cavaliers,80
2018-04-15 00:00:00,Utah Jazz,108,Oklahoma City Thunder,116
2018-04-15 00:00:00,Minnesota Timberwolves,101,Houston Rockets,104
2018-04-16 00:00:00,Miami Heat,113,Philadelphia 76ers,103
2018-04-16 00:00:00,San Antonio Spurs,101,Golden State Warriors,116
2018-04-17 00:00:00,Washington Wizards,119,Toronto Raptors,130
2018-04-17 00:00:00,Milwaukee Bucks,106,Boston Celtics,120
2018-04-17 00:00:00,New Orleans Pelicans,111,Portland Trail Blazers,102
2018-04-18 00:00:00,Indiana Pacers,97,Cleveland Cavaliers,100
2018-04-18 00:00:00,Utah Jazz,102,Oklahoma City Thunder,95
2018-04-18 00:00:00,Minnesota Timberwolves,82,Houston Rockets,102
2018-04-19 00:00:00,Philadelphia 76ers,128,Miami Heat,108
2018-04-19 00:00:00,Portland Trail Blazers,102,New Orleans Pelicans,119
2018-04-19 00:00:00,Golden State Warriors,110,San Antonio Spurs,97
2018-04-20 00:00:00,Cleveland Cavaliers,90,Indiana Pacers,92
2018-04-20 00:00:00,Toronto Raptors,103,Washington Wizards,122
2018-04-20 00:00:00,Boston Celtics,92,Milwaukee Bucks,116
2018-04-21 00:00:00,Philadelphia 76ers,106,Miami Heat,102
2018-04-21 00:00:00,Portland Trail Blazers,123,New Orleans Pelicans,131
2018-04-21 00:00:00,Houston Rockets,105,Minnesota Timberwolves,121
2018-04-21 00:00:00,Oklahoma City Thunder,102,Utah Jazz,115
2018-04-22 00:00:00,Boston Celtics,102,Milwaukee Bucks,104
2018-04-22 00:00:00,Golden State Warriors,90,San Antonio Spurs,103
2018-04-22 00:00:00,Toronto Raptors,98,Washington Wizards,106
2018-04-22 00:00:00,Cleveland Cavaliers,104,Indiana Pacers,100
2018-04-23 00:00:00,Houston Rockets,119,Minnesota Timberwolves,100
2018-04-23 00:00:00,Oklahoma City Thunder,96,Utah Jazz,113
2018-04-24 00:00:00,Milwaukee Bucks,87,Boston Celtics,92
2018-04-24 00:00:00,Miami Heat,91,Philadelphia 76ers,104
2018-04-24 00:00:00,San Antonio Spurs,91,Golden State Warriors,99
2018-04-25 00:00:00,Indiana Pacers,95,Cleveland Cavaliers,98
2018-04-25 00:00:00,Washington Wizards,98,Toronto Raptors,108
2018-04-25 00:00:00,Minnesota Timberwolves,104,Houston Rockets,122
2018-04-25 00:00:00,Utah Jazz,99,Oklahoma City Thunder,107
2018-04-26 00:00:00,Boston Celtics,86,Milwaukee Bucks,97
2018-04-27 00:00:00,Toronto Raptors,102,Washington Wizards,92
2018-04-27 00:00:00,Cleveland Cavaliers,87,Indiana Pacers,121
2018-04-27 00:00:00,Oklahoma City Thunder,91,Utah Jazz,96
2018-04-28 00:00:00,Milwaukee Bucks,96,Boston Celtics,112
2018-04-28 00:00:00,New Orleans Pelicans,101,Golden State Warriors,123
2018-04-29 00:00:00,Indiana Pacers,101,Cleveland Cavaliers,105
2018-04-29 00:00:00,Utah Jazz,96,Houston Rockets,110
2018-04-30 00:00:00,Philadelphia 76ers,101,Boston Celtics,117
2018-05-01 00:00:00,Cleveland Cavaliers,113,Toronto Raptors,112
2018-05-01 00:00:00,New Orleans Pelicans,116,Golden State Warriors,121
2018-05-02 00:00:00,Utah Jazz,116,Houston Rockets,108
2018-05-03 00:00:00,Cleveland Cavaliers,128,Toronto Raptors,110
2018-05-03 00:00:00,Philadelphia 76ers,103,Boston Celtics,108
2018-05-04 00:00:00,Golden State Warriors,100,New Orleans Pelicans,119
2018-05-04 00:00:00,Houston Rockets,113,Utah Jazz,92
2018-05-05 00:00:00,Boston Celtics,101,Philadelphia 76ers,98
2018-05-05 00:00:00,Toronto Raptors,103,Cleveland Cavaliers,105
2018-05-06 00:00:00,Golden State Warriors,118,New Orleans Pelicans,92
2018-05-06 00:00:00,Houston Rockets,100,Utah Jazz,87
2018-05-07 00:00:00,Boston Celtics,92,Philadelphia 76ers,103
2018-05-07 00:00:00,Toronto Raptors,93,Cleveland Cavaliers,128
2018-05-08 00:00:00,Utah Jazz,102,Houston Rockets,112
2018-05-08 00:00:00,New Orleans Pelicans,104,Golden State Warriors,113
2018-05-09 00:00:00,Philadelphia 76ers,112,Boston Celtics,114
2018-05-13 00:00:00,Cleveland Cavaliers,83,Boston Celtics,108
2018-05-14 00:00:00,Golden State Warriors,119,Houston Rockets,106
2018-05-15 00:00:00,Cleveland Cavaliers,94,Boston Celtics,107
2018-05-16 00:00:00,Golden State Warriors,105,Houston Rockets,127
2018-05-19 00:00:00,Boston Celtics,86,Cleveland Cavaliers,116
2018-05-20 00:00:00,Houston Rockets,85,Golden State Warriors,126
2018-05-21 00:00:00,Boston Celtics,102,Cleveland Cavaliers,111
2018-05-22 00:00:00,Houston Rockets,95,Golden State Warriors,92
2018-05-23 00:00:00,Cleveland Cavaliers,83,Boston Celtics,96
2018-05-24 00:00:00,Golden State Warriors,94,Houston Rockets,98
2018-05-25 00:00:00,Boston Celtics,99,Cleveland Cavaliers,109
2018-05-26 00:00:00,Houston Rockets,86,Golden State Warriors,115
2018-05-27 00:00:00,Cleveland Cavaliers,87,Boston Celtics,79
2018-05-28 00:00:00,Golden State Warriors,101,Houston Rockets,92
2018-05-31 00:00:00,Cleveland Cavaliers,114,Golden State Warriors,124
2018-06-03 00:00:00,Cleveland Cavaliers,103,Golden State Warriors,122
2018-06-06 00:00:00,Golden State Warriors,110,Cleveland Cavaliers,102
2018-06-08 00:00:00,Golden State Warriors,108,Cleveland Cavaliers,85
2019-04-13 00:00:00,Brooklyn Nets,111,Philadelphia 76ers,102
2019-04-13 00:00:00,Orlando Magic,104,Toronto Raptors,101
2019-04-13 00:00:00,Los Angeles Clippers,104,Golden State Warriors,121
2019-04-13 00:00:00,San Antonio Spurs,101,Denver Nuggets,96
2019-04-14 00:00:00,Indiana Pacers,74,Boston Celtics,84
2019-04-14 00:00:00,Oklahoma City Thunder,99,Portland Trail Blazers,104
2019-04-14 00:00:00,Detroit Pistons,86,Milwaukee Bucks,121
2019-04-14 00:00:00,Utah Jazz,90,Houston Rockets,122
2019-04-15 00:00:00,Brooklyn Nets,123,Philadelphia 76ers,145
2019-04-15 00:00:00,Los Angeles Clippers,135,Golden State Warriors,131
2019-04-16 00:00:00,Orlando Magic,82,Toronto Raptors,111
2019-04-16 00:00:00,San Antonio Spurs,105,Denver Nuggets,114
2019-04-16 00:00:00,Oklahoma City Thunder,94,Portland Trail Blazers,114
2019-04-17 00:00:00,Indiana Pacers,91,Boston Celtics,99
2019-04-17 00:00:00,Detroit Pistons,99,Milwaukee Bucks,120
2019-04-17 00:00:00,Utah Jazz,98,Houston Rockets,118
2019-04-18 00:00:00,Philadelphia 76ers,131,Brooklyn Nets,115
2019-04-18 00:00:00,Denver Nuggets,108,San Antonio Spurs,118
2019-04-18 00:00:00,Golden State Warriors,132,Los Angeles Clippers,105
2019-04-19 00:00:00,Toronto Raptors,98,Orlando Magic,93
2019-04-19 00:00:00,Boston Celtics,104,Indiana Pacers,96
2019-04-19 00:00:00,Portland Trail Blazers,108,Oklahoma City Thunder,120
2019-04-20 00:00:00,Philadelphia 76ers,112,Brooklyn Nets,108
2019-04-20 00:00:00,Denver Nuggets,117,San Antonio Spurs,103
2019-04-20 00:00:00,Milwaukee Bucks,119,Detroit Pistons,103
2019-04-20 00:00:00,Houston Rockets,104,Utah Jazz,101
2019-04-21 00:00:00,Boston Celtics,110,Indiana Pacers,106
2019-04-21 00:00:00,Golden State Warriors,113,Los Angeles Clippers,105
2019-04-21 00:00:00,Toronto Raptors,107,Orlando Magic,85
2019-04-21 00:00:00,Portland Trail Blazers,111,Oklahoma City Thunder,98
2019-04-22 00:00:00,Milwaukee Bucks,127,Detroit Pistons,104
2019-04-22 00:00:00,Houston Rockets,91,Utah Jazz,107
2019-04-23 00:00:00,Orlando Magic,96,Toronto Raptors,115
2019-04-23 00:00:00,Brooklyn Nets,100,Philadelphia 76ers,122
2019-04-23 00:00:00,San Antonio Spurs,90,Denver Nuggets,108
2019-04-23 00:00:00,Oklahoma City Thunder,115,Portland Trail Blazers,118
2019-04-24 00:00:00,Utah Jazz,93,Houston Rockets,100
2019-04-24 00:00:00,Los Angeles Clippers,129,Golden State Warriors,121
2019-04-25 00:00:00,Denver Nuggets,103,San Antonio Spurs,120
2019-04-26 00:00:00,Golden State Warriors,129,Los Angeles Clippers,110
2019-04-27 00:00:00,Philadelphia 76ers,95,Toronto Raptors,108
2019-04-27 00:00:00,San Antonio Spurs,86,Denver Nuggets,90
2019-04-28 00:00:00,Boston Celtics,112,Milwaukee Bucks,90
2019-04-28 00:00:00,Houston Rockets,100,Golden State Warriors,104
2019-04-29 00:00:00,Philadelphia 76ers,94,Toronto Raptors,89
2019-04-29 00:00:00,Portland Trail Blazers,113,Denver Nuggets,121
2019-04-30 00:00:00,Boston Celtics,102,Milwaukee Bucks,123
2019-04-30 00:00:00,Houston Rockets,109,Golden State Warriors,115
2019-05-01 00:00:00,Portland Trail Blazers,97,Denver Nuggets,90
2019-05-02 00:00:00,Toronto Raptors,95,Philadelphia 76ers,116
2019-05-03 00:00:00,Milwaukee Bucks,123,Boston Celtics,116
2019-05-03 00:00:00,Denver Nuggets,137,Portland Trail Blazers,140
2019-05-04 00:00:00,Golden State Warriors,121,Houston Rockets,126
2019-05-05 00:00:00,Toronto Raptors,101,Philadelphia 76ers,96
2019-05-05 00:00:00,Denver Nuggets,116,Portland Trail Blazers,112
2019-05-06 00:00:00,Milwaukee Bucks,113,Boston Celtics,101
2019-05-06 00:00:00,Golden State Warriors,108,Houston Rockets,112
2019-05-07 00:00:00,Philadelphia 76ers,89,Toronto Raptors,125
2019-05-07 00:00:00,Portland Trail Blazers,98,Denver Nuggets,124
2019-05-08 00:00:00,Boston Celtics,91,Milwaukee Bucks,116
2019-05-08 00:00:00,Houston Rockets,99,Golden State Warriors,104
2019-05-09 00:00:00,Toronto Raptors,101,Philadelphia 76ers,112
2019-05-09 00:00:00,Denver Nuggets,108,Portland Trail Blazers,119
2019-05-10 00:00:00,Golden State Warriors,118,Houston Rockets,113
2019-05-12 00:00:00,Portland Trail Blazers,100,Denver Nuggets,96
2019-05-12 00:00:00,Philadelphia 76ers,90,Toronto Raptors,92
2019-05-14 00:00:00,Portland Trail Blazers,94,Golden State Warriors,116
2019-05-15 00:00:00,Toronto Raptors,100,Milwaukee Bucks,108
2019-05-16 00:00:00,Portland Trail Blazers,111,Golden State Warriors,114
2019-05-17 00:00:00,Toronto Raptors,103,Milwaukee Bucks,125
2019-05-18 00:00:00,Golden State Warriors,110,Portland Trail Blazers,99
2019-05-19 00:00:00,Milwaukee Bucks,112,Toronto Raptors,118
2019-05-20 00:00:00,Golden State Warriors,119,Portland Trail Blazers,117
2019-05-21 00:00:00,Milwaukee Bucks,102,Toronto Raptors,120
2019-05-23 00:00:00,Toronto Raptors,105,Milwaukee Bucks,99
2019-05-25 00:00:00,Milwaukee Bucks,94,Toronto Raptors,100
2019-05-30 00:00:00,Golden State Warriors,109,Toronto Raptors,118
2019-06-02 00:00:00,Golden State Warriors,109,Toronto Raptors,104
2019-06-05 00:00:00,Toronto Raptors,123,Golden State Warriors,109
2019-06-07 00:00:00,Toronto Raptors,105,Golden State Warriors,92
2019-06-10 00:00:00,Golden State Warriors,106,Toronto Raptors,105
2019-06-13 00:00:00,Toronto Raptors,114,Golden State Warriors,110
2020-08-17 00:00:00,Utah Jazz,125,Denver Nuggets,135
2020-08-17 00:00:00,Brooklyn Nets,110,Toronto Raptors,134
2020-08-17 00:00:00,Philadelphia 76ers,101,Boston Celtics,109
2020-08-17 00:00:00,Dallas Mavericks,110,Los Angeles Clippers,118
2020-08-18 00:00:00,Orlando Magic,122,Milwaukee Bucks,110
2020-08-18 00:00:00,Miami Heat,113,Indiana Pacers,101
2020-08-18 00:00:00,Oklahoma City Thunder,108,Houston Rockets,123
2020-08-18 00:00:00,Portland Trail Blazers,100,Los Angeles Lakers,93
2020-08-19 00:00:00,Philadelphia 76ers,101,Boston Celtics,128
2020-08-19 00:00:00,Dallas Mavericks,127,Los Angeles Clippers,114
2020-08-19 00:00:00,Utah Jazz,124,Denver Nuggets,105
2020-08-19 00:00:00,Brooklyn Nets,99,Toronto Raptors,104
2020-08-20 00:00:00,Miami Heat,109,Indiana Pacers,100
2020-08-20 00:00:00,Oklahoma City Thunder,98,Houston Rockets,111
2020-08-20 00:00:00,Orlando Magic,96,Milwaukee Bucks,111
2020-08-20 00:00:00,Portland Trail Blazers,88,Los Angeles Lakers,111
2020-08-21 00:00:00,Toronto Raptors,117,Brooklyn Nets,92
2020-08-21 00:00:00,Denver Nuggets,87,Utah Jazz,124
2020-08-21 00:00:00,Boston Celtics,102,Philadelphia 76ers,94
2020-08-21 00:00:00,Los Angeles Clippers,130,Dallas Mavericks,122
2020-08-22 00:00:00,Milwaukee Bucks,121,Orlando Magic,107
2020-08-22 00:00:00,Indiana Pacers,115,Miami Heat,124
2020-08-22 00:00:00,Houston Rockets,107,Oklahoma City Thunder,119
2020-08-22 00:00:00,Los Angeles Lakers,116,Portland Trail Blazers,108
2020-08-23 00:00:00,Toronto Raptors,150,Brooklyn Nets,122
2020-08-23 00:00:00,Denver Nuggets,127,Utah Jazz,129
2020-08-23 00:00:00,Boston Celtics,110,Philadelphia 76ers,106
2020-08-23 00:00:00,Los Angeles Clippers,133,Dallas Mavericks,135
2020-08-24 00:00:00,Milwaukee Bucks,121,Orlando Magic,106
2020-08-24 00:00:00,Houston Rockets,114,Oklahoma City Thunder,117
2020-08-24 00:00:00,Indiana Pacers,87,Miami Heat,99
2020-08-24 00:00:00,Los Angeles Lakers,135,Portland Trail Blazers,115
2020-08-25 00:00:00,Utah Jazz,107,Denver Nuggets,117
2020-08-25 00:00:00,Dallas Mavericks,111,Los Angeles Clippers,154
2020-08-29 00:00:00,Portland Trail Blazers,122,Los Angeles Lakers,131
2020-08-29 00:00:00,Oklahoma City Thunder,80,Houston Rockets,114
2020-08-29 00:00:00,Orlando Magic,104,Milwaukee Bucks,118
2020-08-30 00:00:00,Boston Celtics,112,Toronto Raptors,94
2020-08-30 00:00:00,Los Angeles Clippers,111,Dallas Mavericks,97
2020-08-30 00:00:00,Denver Nuggets,119,Utah Jazz,107
2020-08-31 00:00:00,Miami Heat,115,Milwaukee Bucks,104
2020-08-31 00:00:00,Houston Rockets,100,Oklahoma City Thunder,104
2020-09-01 00:00:00,Utah Jazz,78,Denver Nuggets,80
2020-09-01 00:00:00,Boston Celtics,102,Toronto Raptors,99
2020-09-02 00:00:00,Oklahoma City Thunder,102,Houston Rockets,104
2020-09-02 00:00:00,Miami Heat,116,Milwaukee Bucks,114
2020-09-03 00:00:00,Toronto Raptors,104,Boston Celtics,103
2020-09-03 00:00:00,Denver Nuggets,97,Los Angeles Clippers,120
2020-09-04 00:00:00,Milwaukee Bucks,100,Miami Heat,115
2020-09-04 00:00:00,Houston Rockets,112,Los Angeles Lakers,97
2020-09-05 00:00:00,Toronto Raptors,100,Boston Celtics,93
2020-09-05 00:00:00,Denver Nuggets,110,Los Angeles Clippers,101
2020-09-06 00:00:00,Milwaukee Bucks,118,Miami Heat,115
2020-09-06 00:00:00,Houston Rockets,109,Los Angeles Lakers,117
2020-09-07 00:00:00,Boston Celtics,111,Toronto Raptors,89
2020-09-07 00:00:00,Los Angeles Clippers,113,Denver Nuggets,107
2020-09-08 00:00:00,Miami Heat,103,Milwaukee Bucks,94
2020-09-08 00:00:00,Los Angeles Lakers,112,Houston Rockets,102
2020-09-09 00:00:00,Toronto Raptors,125,Boston Celtics,122
2020-09-09 00:00:00,Los Angeles Clippers,96,Denver Nuggets,85
2020-09-10 00:00:00,Los Angeles Lakers,110,Houston Rockets,100
2020-09-11 00:00:00,Boston Celtics,92,Toronto Raptors,87
2020-09-11 00:00:00,Denver Nuggets,111,Los Angeles Clippers,105
2020-09-12 00:00:00,Houston Rockets,96,Los Angeles Lakers,119
2020-09-13 00:00:00,Los Angeles Clippers,98,Denver Nuggets,111
2020-09-15 00:00:00,Miami Heat,117,Boston Celtics,114
2020-09-15 00:00:00,Denver Nuggets,104,Los Angeles Clippers,89
2020-09-17 00:00:00,Miami Heat,106,Boston Celtics,101
2020-09-18 00:00:00,Denver Nuggets,114,Los Angeles Lakers,126
2020-09-19 00:00:00,Boston Celtics,117,Miami Heat,106
2020-09-20 00:00:00,Denver Nuggets,103,Los Angeles Lakers,105
2020-09-22 00:00:00,Los Angeles Lakers,106,Denver Nuggets,114
2020-09-23 00:00:00,Boston Celtics,109,Miami Heat,112
2020-09-24 00:00:00,Los Angeles Lakers,114,Denver Nuggets,108
2020-09-25 00:00:00,Miami Heat,108,Boston Celtics,121
2020-09-26 00:00:00,Denver Nuggets,107,Los Angeles Lakers,117
2020-09-27 00:00:00,Boston Celtics,113,Miami Heat,125
2020-09-30 00:00:00,Miami Heat,98,Los Angeles Lakers,116
2020-10-02 00:00:00,Miami Heat,114,Los Angeles Lakers,124
2020-10-04 00:00:00,Los Angeles Lakers,104,Miami Heat,115
2020-10-06 00:00:00,Los Angeles Lakers,102,Miami Heat,96
2020-10-09 00:00:00,Miami Heat,111,Los Angeles Lakers,108
2020-10-11 00:00:00,Los Angeles Lakers,106,Miami Heat,93
